<?xml version="1.0" encoding="UTF-8"?>
<definitions xmlns="http://www.omg.org/spec/BPMN/20100524/MODEL" xmlns:xsi="http://www.w3.org/2001/XMLSchema-instance" xmlns:xsd="http://www.w3.org/2001/XMLSchema" xmlns:activiti="http://activiti.org/bpmn" xmlns:bpmndi="http://www.omg.org/spec/BPMN/20100524/DI" xmlns:omgdc="http://www.omg.org/spec/DD/20100524/DC" xmlns:omgdi="http://www.omg.org/spec/DD/20100524/DI" typeLanguage="http://www.w3.org/2001/XMLSchema" expressionLanguage="http://www.w3.org/1999/XPath" targetNamespace="http://www.activiti.org/processdef">
  <process id="shengqingfeiyong" isExecutable="true">
    <startEvent id="sid-0CA4DD50-7B4B-43F7-94B1-0F4D2C2B1316"></startEvent>
    <userTask id="sid-E5C844BF-694F-4BDD-A59B-569E4561F1E7" name="王经理审批" activiti:assignee="WangJingLi"></userTask>
    <userTask id="sid-8E0BAE0B-94EB-426F-B6E5-D77D9638BA20" name="张三人事登记" activiti:assignee="ZhangSan"></userTask>
    <sequenceFlow id="sid-EBDE1283-C73D-45B6-84E7-246F36638B04" sourceRef="sid-0CA4DD50-7B4B-43F7-94B1-0F4D2C2B1316" targetRef="sid-E5C844BF-694F-4BDD-A59B-569E4561F1E7"></sequenceFlow>
    <sequenceFlow id="sid-F00EFF57-1700-44C2-8502-28E6AF1FD2EF" sourceRef="sid-E5C844BF-694F-4BDD-A59B-569E4561F1E7" targetRef="sid-8E0BAE0B-94EB-426F-B6E5-D77D9638BA20"></sequenceFlow>
    <endEvent id="sid-1F215135-E10C-4F88-9EFE-A027A7D9458A"></endEvent>
    <sequenceFlow id="sid-3349C7B6-47A3-4306-A04B-5CD20D8370BB" sourceRef="sid-8E0BAE0B-94EB-426F-B6E5-D77D9638BA20" targetRef="sid-1F215135-E10C-4F88-9EFE-A027A7D9458A"></sequenceFlow>
  </process>
  <bpmndi:BPMNDiagram id="BPMNDiagram_shengqingfeiyong">
    <bpmndi:BPMNPlane bpmnElement="shengqingfeiyong" id="BPMNPlane_shengqingfeiyong">
      <bpmndi:BPMNShape bpmnElement="sid-0CA4DD50-7B4B-43F7-94B1-0F4D2C2B1316" id="BPMNShape_sid-0CA4DD50-7B4B-43F7-94B1-0F4D2C2B1316">
        <omgdc:Bounds height="30.0" width="30.0" x="117.75" y="175.0"></omgdc:Bounds>
      </bpmndi:BPMNShape>
      <bpmndi:BPMNShape bpmnElement="sid-E5C844BF-694F-4BDD-A59B-569E4561F1E7" id="BPMNShape_sid-E5C844BF-694F-4BDD-A59B-569E4561F1E7">
        <omgdc:Bounds height="80.0" width="100.0" x="255.0" y="150.0"></omgdc:Bounds>
      </bpmndi:BPMNShape>
      <bpmndi:BPMNShape bpmnElement="sid-8E0BAE0B-94EB-426F-B6E5-D77D9638BA20" id="BPMNShape_sid-8E0BAE0B-94EB-426F-B6E5-D77D9638BA20">
        <omgdc:Bounds height="80.0" width="100.0" x="465.0" y="150.0"></omgdc:Bounds>
      </bpmndi:BPMNShape>
      <bpmndi:BPMNShape bpmnElement="sid-1F215135-E10C-4F88-9EFE-A027A7D9458A" id="BPMNShape_sid-1F215135-E10C-4F88-9EFE-A027A7D9458A">
        <omgdc:Bounds height="28.0" width="28.0" x="660.0" y="176.0"></omgdc:Bounds>
      </bpmndi:BPMNShape>
      <bpmndi:BPMNEdge bpmnElement="sid-3349C7B6-47A3-4306-A04B-5CD20D8370BB" id="BPMNEdge_sid-3349C7B6-47A3-4306-A04B-5CD20D8370BB">
        <omgdi:waypoint x="565.0" y="190.0"></omgdi:waypoint>
        <omgdi:waypoint x="660.0" y="190.0"></omgdi:waypoint>
      </bpmndi:BPMNEdge>
      <bpmndi:BPMNEdge bpmnElement="sid-EBDE1283-C73D-45B6-84E7-246F36638B04" id="BPMNEdge_sid-EBDE1283-C73D-45B6-84E7-246F36638B04">
        <omgdi:waypoint x="147.75" y="190.0"></omgdi:waypoint>
        <omgdi:waypoint x="255.0" y="190.0"></omgdi:waypoint>
      </bpmndi:BPMNEdge>
      <bpmndi:BPMNEdge bpmnElement="sid-F00EFF57-1700-44C2-8502-28E6AF1FD2EF" id="BPMNEdge_sid-F00EFF57-1700-44C2-8502-28E6AF1FD2EF">
        <omgdi:waypoint x="355.0" y="190.0"></omgdi:waypoint>
        <omgdi:waypoint x="465.0" y="190.0"></omgdi:waypoint>
      </bpmndi:BPMNEdge>
    </bpmndi:BPMNPlane>
  </bpmndi:BPMNDiagram>
</definitions>